City_ID,City,Country,Lat,Lng,Max Temp,Humidity,Cloudiness,Wind Speed,Current Description
0,Qostanay,KZ,53.1667,63.5833,17.89,79,40,15.66,scattered clouds
1,Saldanha,ZA,-33.0117,17.9442,68.05,68,0,5.17,clear sky
2,Xuanzhou,CN,30.9525,118.7553,50.32,72,100,6.85,overcast clouds
3,Atuona,PF,-9.8,-139.0333,79.12,79,6,19.91,clear sky
4,Avarua,CK,-21.2078,-159.775,80.65,83,75,2.3,broken clouds
5,Provideniya,RU,64.3833,-173.3,-17.1,98,92,7.7,overcast clouds
6,Sao Joao Da Barra,BR,-21.6403,-41.0511,74.91,90,95,12.21,overcast clouds
7,Rawson,AR,-43.3002,-65.1023,71.87,51,17,11.63,few clouds
8,Port Lincoln,AU,-34.7333,135.8667,71.96,63,3,19.91,clear sky
9,East London,ZA,-33.0153,27.9116,68.94,100,100,6.91,light rain
10,Takoradi,GH,4.8845,-1.7554,77.86,90,16,5.79,few clouds
11,Alappuzha,IN,9.49,76.3264,81.61,70,54,3.89,broken clouds
12,Ushuaia,AR,-54.8,-68.3,46.06,87,75,8.05,broken clouds
13,Bourail,NC,-21.5667,165.4833,80.04,81,100,10.25,light rain
14,Bluff,NZ,-46.6,168.3333,61.81,59,62,11.16,broken clouds
15,Kingston,JM,17.997,-76.7936,76.15,73,20,6.91,few clouds
16,Barrow,US,71.2906,-156.7887,-16.58,76,100,0.0,overcast clouds
17,San Lawrenz,MT,36.0553,14.204,47.61,87,90,45.1,overcast clouds
18,Ponot,PH,8.452,123.0222,82.56,75,77,15.21,broken clouds
19,Emmett,US,43.8735,-116.4993,35.76,53,11,1.99,few clouds
20,Ahipara,NZ,-35.1667,173.1667,67.35,64,100,5.08,overcast clouds
21,Cape Town,ZA,-33.9258,18.4232,72.91,75,0,11.5,clear sky
22,Rikitea,PF,-23.1203,-134.9692,79.95,71,1,17.81,clear sky
23,Albany,US,42.6001,-73.9662,51.22,88,95,1.01,overcast clouds
24,Betlitsa,RU,54.0095,33.9588,18.9,89,64,10.78,broken clouds
25,Bemidji,US,47.4736,-94.8803,7.92,72,0,6.91,clear sky
26,Naifaru,MV,5.4444,73.3657,80.46,70,73,9.69,broken clouds
27,Goderich,CA,43.7501,-81.7165,36.91,100,100,11.5,light snow
28,Saint-Georges,GD,12.0564,-61.7485,74.88,83,20,8.05,few clouds
29,Novopavlovsk,RU,43.9622,43.6342,8.01,94,94,5.06,overcast clouds
30,Port Elizabeth,ZA,-33.918,25.5701,68.29,88,0,2.3,clear sky
31,Virginia Beach,US,36.8529,-75.978,66.99,77,100,18.41,overcast clouds
32,Charters Towers,AU,-20.1,146.2667,89.64,33,1,11.27,clear sky
33,Kortkeros,RU,61.8106,51.5806,28.4,90,88,10.89,overcast clouds
34,Lashio,MM,22.9333,97.75,79.47,21,0,3.8,clear sky
35,Nhulunbuy,AU,-12.2333,136.7667,79.41,94,75,8.05,light intensity shower rain
36,Mataura,NZ,-46.1927,168.8643,61.48,53,59,5.95,broken clouds
37,Udachnyy,RU,66.4167,112.4,-15.03,94,100,6.76,overcast clouds
38,Hobart,AU,-42.8794,147.3294,70.27,74,20,11.5,few clouds
39,Yellowknife,CA,62.456,-114.3525,-12.44,84,0,3.44,clear sky
40,Olenino,RU,56.2092,33.4889,21.09,84,100,13.4,overcast clouds
41,Tasiilaq,GL,65.6145,-37.6368,23.16,75,100,12.8,light snow
42,Saint George,US,37.1041,-113.5841,41.59,43,0,9.22,clear sky
43,Champerico,GT,14.3,-91.9167,76.71,75,0,1.54,clear sky
44,Egvekinot,RU,66.3167,-179.1667,-24.72,90,89,6.76,overcast clouds
45,Hilo,US,19.7297,-155.09,73.13,84,100,1.01,light rain
46,Punta Arenas,CL,-53.15,-70.9167,44.71,70,40,9.22,scattered clouds
47,Nantucket,US,41.2835,-70.0995,51.94,100,100,16.11,overcast clouds
48,Longyearbyen,SJ,78.2186,15.6401,19.24,86,100,8.05,light snow
49,Garden City,US,42.3256,-83.331,39.94,89,100,19.57,overcast clouds
50,Kapaa,US,22.0752,-159.319,75.18,83,100,18.41,light rain
51,Jamestown,US,42.097,-79.2353,43.95,91,100,13.8,overcast clouds
52,San Juan,AR,-31.5375,-68.5364,84.4,43,7,2.55,clear sky
53,Kota Belud,MY,6.351,116.4305,84.42,73,97,7.11,overcast clouds
54,New Norfolk,AU,-42.7826,147.0587,69.91,58,61,1.99,broken clouds
55,Mafra,BR,-26.1114,-49.8053,62.89,99,98,2.15,overcast clouds
56,Klaksvik,FO,62.2266,-6.589,38.32,97,100,24.16,moderate rain
57,Mar Del Plata,AR,-38.0023,-57.5575,69.1,100,100,0.0,fog
58,Ribeira Grande,PT,38.5167,-28.7,54.77,74,81,4.0,broken clouds
59,Ormara,PK,25.2088,64.6357,72.95,68,1,16.53,clear sky
60,Vardo,NO,70.3705,31.1107,26.58,68,94,21.85,overcast clouds
61,Hithadhoo,MV,-0.6,73.0833,81.37,74,100,10.47,overcast clouds
62,Agirish,RU,61.9247,63.0231,19.27,92,69,8.9,broken clouds
63,Souillac,MU,-20.5167,57.5167,84.58,65,75,10.36,broken clouds
64,Beringovskiy,RU,63.05,179.3167,-25.33,96,73,9.98,broken clouds
65,Victoria,HK,22.2855,114.1577,77.97,84,76,4.0,broken clouds
66,Khatanga,RU,71.9667,102.5,-45.24,98,45,4.23,scattered clouds
67,Nibong Tebal,MY,5.1659,100.4779,89.58,65,43,4.83,scattered clouds
68,Sangin,AF,32.0728,64.8359,50.77,30,5,3.22,clear sky
69,Cidreira,BR,-30.1811,-50.2056,72.27,86,65,7.63,broken clouds
70,Nome,US,64.5011,-165.4064,-2.13,71,100,5.75,overcast clouds
71,Kavaratti,IN,10.5669,72.642,80.4,75,100,7.45,overcast clouds
72,Bengkulu,ID,-3.8004,102.2655,85.28,61,72,11.32,broken clouds
73,Nikolskoye,RU,59.7035,30.7861,30.09,86,100,14.41,overcast clouds
74,Sal Rei,CV,16.1833,-22.9167,68.2,76,50,16.42,scattered clouds
75,Ponta Do Sol,PT,32.6667,-17.1,59.0,76,70,9.73,light rain
76,Salalah,OM,17.0151,54.0924,77.09,27,13,17.27,few clouds
77,Kahama,TZ,-3.8333,32.6,67.69,82,83,1.39,broken clouds
78,Tual,ID,-5.6667,132.75,82.44,77,100,23.06,light rain
79,Tuktoyaktuk,CA,69.4541,-133.0374,-11.2,77,100,11.5,overcast clouds
80,San Rafael,AR,-34.6177,-68.3301,82.38,43,0,14.56,clear sky
81,Bathsheba,BB,13.2167,-59.5167,77.61,73,20,20.71,few clouds
82,Omboue,GA,-1.5746,9.2618,77.9,86,62,2.84,broken clouds
83,Geraldton,AU,-28.7667,114.6,81.01,61,40,24.16,scattered clouds
84,Saint-Philippe,RE,-21.3585,55.7679,85.59,77,99,10.67,overcast clouds
85,Rorvik,NO,64.8621,11.2373,30.31,80,75,9.22,light snow
86,Sangmelima,CM,2.9333,11.9833,67.15,98,42,2.26,scattered clouds
87,Goure,NE,13.9835,10.2704,61.79,14,9,9.78,clear sky
88,Valparaiso,CL,-33.0393,-71.6273,56.84,94,40,5.75,scattered clouds
89,Bredasdorp,ZA,-34.5322,20.0403,71.58,78,77,13.78,broken clouds
90,Puerto Ayora,EC,-0.7393,-90.3518,77.56,93,80,4.97,broken clouds
91,Darnah,LY,32.767,22.6367,54.21,71,100,20.69,overcast clouds
92,Kavieng,PG,-2.5744,150.7967,82.02,76,100,7.05,moderate rain
93,Qaanaaq,GL,77.484,-69.3632,-7.74,54,0,8.14,clear sky
94,Busselton,AU,-33.65,115.3333,77.31,47,0,19.89,clear sky
95,Moerai,PF,-22.4333,-151.3333,79.48,72,83,6.98,broken clouds
96,Cherskiy,RU,68.75,161.3,-41.08,99,97,5.3,overcast clouds
97,Sydney,AU,-33.8679,151.2073,92.75,70,0,16.11,clear sky
98,Whitehorse,CA,60.7161,-135.0538,23.77,74,100,12.66,light snow
99,Palmer,US,42.1584,-72.3287,53.24,96,99,11.25,overcast clouds
100,Clarence Town,AU,-32.5833,151.7833,85.6,42,21,10.38,few clouds
101,Luderitz,NA,-26.6481,15.1594,66.04,80,12,7.38,few clouds
102,East Wenatchee Bench,US,47.4257,-120.2812,33.96,81,0,4.61,clear sky
103,Mersing,MY,2.4312,103.8405,84.11,74,40,10.36,scattered clouds
104,Karimganj,IN,24.8667,92.35,81.93,31,0,4.59,clear sky
105,Butaritari,KI,3.0707,172.7902,81.09,81,99,18.63,light rain
106,Kodiak,US,57.79,-152.4072,17.11,53,0,5.75,clear sky
107,Lebu,CL,-37.6167,-73.65,58.91,96,4,5.14,clear sky
108,Mingaora,PK,34.7758,72.3625,50.27,68,77,4.9,broken clouds
109,Vaini,TO,-21.2,-175.2,82.56,83,75,6.91,light rain
110,Santo Antonio Do Ica,BR,-3.1022,-67.9397,72.3,99,100,0.38,overcast clouds
111,La Fleche,FR,47.6982,-0.0755,37.65,85,85,2.95,overcast clouds
112,Zyryanka,RU,65.75,150.85,-38.72,98,40,1.39,scattered clouds
113,Pevek,RU,69.7008,170.3133,-29.0,100,100,3.91,overcast clouds
114,Hasaki,JP,35.7333,140.8333,40.21,78,100,21.47,light rain
115,La Maddalena,IT,41.2142,9.4083,44.65,66,31,20.38,scattered clouds
116,Saskylakh,RU,71.9167,114.0833,-43.58,97,49,7.25,scattered clouds
117,Nouadhibou,MR,20.931,-17.0347,61.52,91,100,5.77,light rain
118,Asau,RO,46.4333,26.4,2.32,81,2,6.42,clear sky
119,Hami,CN,42.8,93.45,38.84,32,84,11.9,broken clouds
120,Port Alfred,ZA,-33.5906,26.891,68.18,96,98,1.01,light rain
121,Awjilah,LY,29.1081,21.2869,56.61,56,57,4.92,broken clouds
122,Yazman,PK,29.1212,71.7446,73.17,27,1,9.69,clear sky
123,Iqaluit,CA,63.7506,-68.5145,-29.31,66,20,13.8,few clouds
124,Guerrero Negro,MX,27.9769,-114.0611,62.46,39,1,1.3,clear sky
125,Hobyo,SO,5.3505,48.5268,79.75,62,4,21.52,clear sky
126,Norman Wells,CA,65.282,-126.8329,-7.56,84,40,4.61,scattered clouds
127,Axim,GH,4.8699,-2.2405,77.49,91,39,4.76,scattered clouds
128,Hermanus,ZA,-34.4187,19.2345,71.8,73,79,15.57,broken clouds
129,Tilichiki,RU,60.4667,166.1,-14.22,85,100,12.53,overcast clouds
130,San Vicente,AR,-26.6167,-54.1333,66.85,77,98,1.59,overcast clouds
131,Nanortalik,GL,60.1432,-45.2371,29.25,94,100,4.45,overcast clouds
132,Zhanakorgan,KZ,43.9098,67.2495,21.38,42,78,6.89,broken clouds
133,Floro,NO,61.5996,5.0328,31.96,59,75,8.05,broken clouds
134,Laguna,US,38.421,-121.4238,55.09,86,0,3.44,clear sky
135,Yairipok,IN,24.6667,94.0667,69.66,29,1,4.76,clear sky
136,Abadan,IR,30.3392,48.3043,46.35,76,44,4.61,scattered clouds
137,Neiafu,TO,-18.65,-173.9833,83.08,78,75,2.3,light rain
138,Mogadishu,SO,2.0371,45.3438,76.87,88,20,13.8,few clouds
139,Georgetown,MY,5.4112,100.3354,87.75,66,20,9.22,few clouds
140,Carnarvon,AU,-24.8667,113.6333,82.67,64,61,24.32,broken clouds
141,General Cepeda,MX,25.3833,-101.45,54.07,40,58,2.64,broken clouds
142,Basak,PH,6.7274,124.1512,80.64,69,100,3.74,overcast clouds
143,Tuatapere,NZ,-46.1333,167.6833,59.58,60,49,9.75,scattered clouds
144,Tankhoy,RU,51.5528,105.1306,17.53,89,100,5.93,overcast clouds
145,Kenai,US,60.5544,-151.2583,17.69,93,100,4.61,mist
146,Skopelos,GR,39.1247,23.7247,38.21,66,100,23.31,overcast clouds
147,Kupino,RU,54.3663,77.2981,0.25,92,100,9.06,overcast clouds
148,Fenyi,CN,27.8112,114.6681,52.77,85,99,5.03,overcast clouds
149,Vao,NC,-22.6667,167.4833,78.22,83,100,10.54,light rain
150,Upernavik,GL,72.7868,-56.1549,-23.48,95,100,6.2,overcast clouds
151,Krutinka,RU,56.0055,71.5113,7.07,96,92,6.49,overcast clouds
152,Broome,US,42.2506,-75.833,55.65,76,0,10.0,clear sky
153,Castro,BR,-24.7911,-50.0119,63.28,90,95,5.53,overcast clouds
154,Tiksi,RU,71.6872,128.8694,-40.11,99,77,4.09,broken clouds
155,East Wenatchee,US,47.4157,-120.2931,34.74,81,0,4.61,clear sky
156,Presidencia Roque Saenz Pena,AR,-26.7852,-60.4388,71.65,88,18,4.34,few clouds
157,Dikson,RU,73.5069,80.5464,3.76,92,100,31.0,light snow
158,Caluquembe,AO,-13.7833,14.6833,61.57,72,94,2.57,overcast clouds
159,La Sarre,CA,48.8002,-79.1996,25.21,96,100,11.86,light snow
160,Bethel,US,41.3712,-73.414,51.78,82,0,5.75,clear sky
161,Maragogi,BR,-9.0122,-35.2225,77.34,85,59,7.85,broken clouds
162,Thompson,CA,55.7435,-97.8558,-2.04,84,75,4.61,broken clouds
163,Tampakan,PH,6.4442,124.9264,88.09,56,100,1.34,overcast clouds
164,Balad,IQ,34.0164,44.1453,46.15,49,100,6.26,overcast clouds
165,Comodoro Rivadavia,AR,-45.8667,-67.5,67.86,37,0,6.91,clear sky
166,Tibiri,NE,13.5627,7.0485,63.59,12,26,11.68,scattered clouds
167,Conakry,GN,9.538,-13.6773,78.46,65,63,5.55,broken clouds
168,Sobolevo,RU,54.4299,31.8996,18.9,89,66,13.56,broken clouds
169,Dagda,LV,56.0951,27.5372,25.2,88,86,13.47,overcast clouds
170,Ayagoz,KZ,47.9714,80.4392,11.91,92,100,5.86,overcast clouds
171,Airai,TL,-8.9266,125.4092,66.45,82,100,4.65,overcast clouds
172,Bara,NG,10.3744,10.7288,66.45,14,52,7.11,broken clouds
173,Qasigiannguit,GL,68.8193,-51.1922,1.65,98,100,7.92,overcast clouds
174,Senneterre,CA,48.3835,-77.2328,26.33,96,100,9.51,snow
175,Lagoa,PT,39.05,-27.9833,57.25,59,86,11.54,overcast clouds
176,Ilulissat,GL,69.2167,-51.1,1.42,85,100,10.36,light snow
177,Hemsedal,NO,60.8629,8.5534,7.81,88,14,8.86,few clouds
178,Payakumbuh,ID,-0.2202,100.6308,80.38,72,100,3.2,overcast clouds
179,Logrono,ES,42.4667,-2.45,27.9,86,0,5.75,clear sky
180,Galle,LK,6.0367,80.217,82.56,68,50,4.12,scattered clouds
181,Quelimane,MZ,-17.8786,36.8883,78.75,88,40,3.44,scattered clouds
182,Mehamn,NO,71.0357,27.8492,31.95,59,40,20.71,light snow
183,Lima,PE,-12.0432,-77.0282,73.9,83,40,12.66,scattered clouds
184,Sharan,RU,54.8167,54.0,14.97,97,100,9.37,overcast clouds
185,Zhangjiakou,CN,40.81,114.8794,31.8,73,76,2.91,broken clouds
186,Mayo,US,38.8876,-76.5119,65.61,82,0,12.66,clear sky
187,Torbay,CA,47.6666,-52.7314,14.58,82,100,14.97,overcast clouds
188,Kibala,TD,9.1104,18.3463,72.14,15,25,4.12,scattered clouds
189,Fort Nelson,CA,58.8053,-122.7002,13.59,85,100,2.3,overcast clouds
190,Manoel Urbano,BR,-8.8389,-69.2597,72.55,99,94,2.19,overcast clouds
191,Pisco,PE,-13.7,-76.2167,71.65,94,0,1.14,clear sky
192,Bairiki,KI,1.3292,172.9752,86.0,70,20,17.27,few clouds
193,Nurota,UZ,40.5614,65.6886,24.03,51,3,6.62,clear sky
194,Yar-Sale,RU,66.8333,70.8333,21.07,91,100,17.76,overcast clouds
195,San Matias,BO,-16.3667,-58.4,74.1,92,49,4.54,scattered clouds
196,Vila,PT,42.0304,-8.1588,38.28,69,1,4.94,clear sky
197,Namibe,AO,-15.1961,12.1522,69.37,77,89,3.51,overcast clouds
198,Atar,MR,20.5169,-13.0499,63.46,47,100,14.88,overcast clouds
199,Vanavara,RU,60.34,102.2797,-3.32,95,100,4.52,overcast clouds
200,Zhezkazgan,KZ,47.8043,67.7144,4.98,78,100,11.18,mist
201,Grand Gaube,MU,-20.0064,57.6608,84.6,69,50,8.99,scattered clouds
202,George,ZA,-33.963,22.4617,65.75,100,75,2.3,broken clouds
203,Ternate,ID,0.8,127.4,82.54,77,73,14.32,broken clouds
204,Sao Filipe,CV,14.8961,-24.4956,69.19,78,73,11.12,broken clouds
205,Te Anau,NZ,-45.4167,167.7167,64.49,47,52,3.47,broken clouds
206,Siniscola,IT,40.5719,9.6922,44.15,79,74,9.51,broken clouds
207,Riyadh,SA,24.6877,46.7219,50.14,35,99,9.15,overcast clouds
208,Ayr,GB,55.4627,-4.6339,43.5,87,100,14.97,overcast clouds
209,Sheltozero,RU,61.3667,35.3667,24.8,91,100,13.69,overcast clouds
210,Arraial Do Cabo,BR,-22.9661,-42.0278,74.05,92,74,10.71,broken clouds
211,Marzuq,YE,14.4,46.4667,67.91,32,1,3.67,clear sky
212,Batagay,RU,67.6333,134.6333,-42.95,98,90,1.79,overcast clouds
213,Marsh Harbour,BS,26.5412,-77.0636,73.6,65,0,12.77,clear sky
214,Dongsheng,CN,39.8161,109.9776,35.13,54,49,17.49,scattered clouds
215,Mount Isa,AU,-20.7333,139.5,92.97,33,40,6.91,scattered clouds
216,Foam Lake,CA,51.65,-103.5343,23.02,87,72,9.62,broken clouds
217,Buraydah,SA,26.326,43.975,46.85,40,75,14.29,broken clouds
218,Dingle,PH,10.9995,122.6711,83.14,70,72,14.05,broken clouds
219,Tungi,BD,23.89,90.4058,75.2,69,0,9.22,haze
220,Faanui,PF,-16.4833,-151.75,82.13,70,9,12.48,clear sky
221,Tungor,RU,53.3808,142.9564,-9.89,88,7,9.13,clear sky
222,Eyl,SO,7.9803,49.8164,79.65,60,6,18.21,clear sky
223,Mnogovershinnyy,RU,53.9353,139.9242,-5.12,80,15,4.14,few clouds
224,Clyde River,CA,70.4692,-68.5914,-30.77,68,0,8.05,clear sky
225,Tashla,RU,51.7716,52.7427,14.5,100,89,7.63,overcast clouds
226,Manitouwadge,CA,49.1215,-85.8403,14.43,94,100,9.28,light snow
227,Port Blair,IN,11.6667,92.75,84.24,61,51,11.5,broken clouds
228,Magadi,IN,12.9667,77.2333,84.06,23,88,12.53,overcast clouds
229,Lodja,CD,-3.4833,23.4333,73.67,76,97,2.24,overcast clouds
230,Mahebourg,MU,-20.4081,57.7,84.49,65,75,10.36,light rain
231,Matagami,CA,49.7502,-77.6328,15.91,86,100,8.05,light snow
232,Alice Springs,AU,-23.7,133.8833,98.15,14,2,19.57,clear sky
233,Paamiut,GL,61.994,-49.6678,17.08,90,100,17.02,overcast clouds
234,Peniche,PT,39.3558,-9.3811,50.94,73,0,20.13,clear sky
235,Vila Velha,BR,-20.3297,-40.2925,75.15,90,20,4.61,few clouds
236,Oranjestad,AW,12.524,-70.027,78.91,83,75,14.97,broken clouds
237,Olinda,BR,-8.0089,-34.8553,80.33,78,75,6.91,broken clouds
238,College,US,64.8569,-147.8028,-5.21,79,40,0.0,light snow
239,Erzin,TR,36.9559,36.2,41.38,53,0,3.49,clear sky
240,Leningradskiy,RU,69.3833,178.4167,-31.56,97,79,7.4,broken clouds
241,Ha Tinh,VN,18.3333,105.9,80.55,74,41,5.5,scattered clouds
242,Westport,US,41.1415,-73.3579,53.24,85,100,6.91,overcast clouds
243,Ballina,AU,-28.8667,153.5667,81.79,69,0,11.34,clear sky
244,Severo-Kurilsk,RU,50.6789,156.125,19.94,59,85,23.49,overcast clouds
245,Teguldet,RU,57.3064,88.1667,-0.42,93,99,2.66,overcast clouds
246,Okhotsk,RU,59.3833,143.3,-8.77,75,94,13.13,overcast clouds
247,Tambovka,RU,50.0969,128.0489,14.22,90,100,2.82,overcast clouds
248,Bangkalan,ID,-7.0455,112.7351,89.55,76,72,12.53,broken clouds
249,Alcanede,PT,39.415,-8.8219,49.86,70,0,10.29,clear sky
250,Yanam,IN,16.7333,82.2167,89.38,39,92,3.06,overcast clouds
251,New London,US,41.4834,-72.0662,54.12,91,100,5.75,overcast clouds
252,Kruisfontein,ZA,-34.0033,24.7314,70.79,64,0,7.58,clear sky
253,Boa Vista,BR,2.8197,-60.6733,76.98,78,75,12.66,broken clouds
254,Pula,HR,44.8683,13.8481,28.96,54,0,8.05,clear sky
255,Ankara,TR,39.9199,32.8543,27.52,86,75,3.44,broken clouds
256,Burnie,AU,-41.0667,145.9167,76.95,60,83,4.92,broken clouds
257,Fukue,JP,32.6881,128.8419,53.96,76,75,14.97,broken clouds
258,Antsohihy,MG,-14.8796,47.9875,76.59,86,100,3.94,overcast clouds
259,Dzilam Gonzalez,MX,21.2833,-88.9333,71.83,85,2,5.37,clear sky
260,Katsuura,JP,35.1333,140.3,39.22,86,100,17.27,light rain
261,Karatau,KZ,43.1667,70.4667,19.56,74,20,8.01,few clouds
262,Pryozerne,UA,45.2698,36.3303,27.27,71,5,12.33,clear sky
263,Yenagoa,NG,4.9247,6.2642,76.95,92,13,2.28,few clouds
264,Aswan,EG,24.0934,32.907,52.9,50,0,9.22,clear sky
265,Namtsy,RU,62.7161,129.6658,-29.83,95,94,3.42,overcast clouds
266,San Cristobal,VE,7.7669,-72.225,64.58,91,89,1.28,overcast clouds
267,Ancud,CL,-41.8697,-73.8203,58.57,99,99,7.74,light rain
268,Papetoai,PF,-17.4961,-149.8729,81.99,75,6,11.83,light rain
269,Padang,ID,-0.9492,100.3543,86.05,64,95,6.44,overcast clouds
270,Sibiti,CG,-3.6819,13.3499,67.77,95,98,0.67,overcast clouds
271,Luanda,AO,-8.8368,13.2343,77.0,83,75,4.61,broken clouds
272,Havre-Saint-Pierre,CA,50.2334,-63.5986,6.8,65,0,8.05,clear sky
273,Talara,PE,-4.5772,-81.2719,76.26,81,90,6.85,overcast clouds
274,Kendari,ID,-3.945,122.4989,85.48,69,99,4.56,overcast clouds
275,Itoman,JP,26.1247,127.6694,69.82,81,75,19.57,broken clouds
276,Alekseyevka,RU,50.6309,38.6903,20.89,96,96,6.15,overcast clouds
277,High Rock,BS,26.6208,-78.2833,73.42,71,6,13.91,clear sky
278,Yuzhno-Kurilsk,RU,44.0306,145.8556,17.37,60,57,4.83,broken clouds
279,Kearney,US,40.6995,-99.0815,23.58,83,75,12.66,broken clouds
280,Elliot Lake,CA,46.3834,-82.6331,30.18,93,100,10.4,overcast clouds
281,Bowen,AU,-20.0167,148.2333,81.75,65,1,9.28,clear sky
282,Lasa,IT,46.6166,10.7002,27.48,52,22,6.26,few clouds
283,Candolim,IN,15.5181,73.7626,84.2,70,94,4.61,haze
284,Tessalit,ML,20.1986,1.0114,65.46,12,23,10.76,few clouds
285,Kolosovka,RU,56.4678,73.611,6.44,93,81,6.96,broken clouds
286,Kununurra,AU,-15.7667,128.7333,93.18,52,85,14.97,light rain
287,Puerto Quijarro,BO,-17.7833,-57.7667,75.67,85,47,1.05,scattered clouds
288,Lukovetskiy,RU,64.2956,41.9211,26.24,94,100,10.8,light snow
289,Wladyslawowo,PL,54.7909,18.4009,38.48,91,100,21.61,overcast clouds
290,Moose Factory,CA,51.2585,-80.6094,15.8,73,100,6.91,overcast clouds
291,Banda Aceh,ID,5.5577,95.3222,82.85,75,33,7.85,scattered clouds
292,Bonavista,CA,48.6499,-53.1147,18.61,74,100,20.54,overcast clouds
293,Kaitangata,NZ,-46.2817,169.8464,58.66,61,74,5.66,broken clouds
294,Kupang,ID,-10.1667,123.5833,86.58,79,75,12.66,broken clouds
295,Namatanai,PG,-3.6667,152.4333,82.08,77,98,12.95,light rain
296,Fenoarivo,MG,-18.933,47.4354,73.47,60,20,12.66,few clouds
297,Adrar,MR,20.5022,-10.0711,64.58,20,100,8.48,overcast clouds
298,Nouakchott,MR,18.0858,-15.9785,66.13,71,99,23.49,overcast clouds
299,Yulara,AU,-25.2406,130.9889,102.09,10,0,2.62,clear sky
300,Kiunga,PG,-6.1219,141.2906,83.57,82,100,4.76,overcast clouds
301,Vila Franca Do Campo,PT,37.7167,-25.4333,55.81,82,58,9.93,broken clouds
302,Bonthe,SL,7.5264,-12.505,74.82,89,63,4.07,light rain
303,Doha,QA,25.2867,51.5333,62.58,48,0,23.02,clear sky
304,Bagua Grande,PE,-5.7561,-78.4411,73.02,85,85,3.29,light rain
305,Esperance,AU,-33.8667,121.9,75.04,56,0,12.75,clear sky
306,Hofn,IS,64.2539,-15.2082,31.75,97,100,13.71,snow
307,Minsk,BY,53.9,27.5667,22.75,89,86,14.2,overcast clouds
308,Rybnaya Sloboda,RU,55.4613,50.1409,10.58,98,99,8.1,overcast clouds
309,Chandler,US,33.3062,-111.8412,57.78,17,0,4.0,clear sky
310,Kuchinarai,TH,16.541,104.05,95.77,32,4,7.65,clear sky
311,Saint-Augustin,CA,51.226,-58.6502,-4.65,89,4,6.78,clear sky
312,North Myrtle Beach,US,33.816,-78.68,64.36,96,40,13.8,scattered clouds
313,Chuy,UY,-33.6971,-53.4616,67.41,90,0,2.1,clear sky
314,Vilyuysk,RU,63.7553,121.6247,-29.31,93,81,5.99,broken clouds
315,San Patricio,US,28.017,-97.5169,60.66,63,100,4.9,overcast clouds
316,Ulaangom,MN,49.9811,92.0667,-3.95,91,100,3.47,overcast clouds
317,Haines Junction,CA,60.7522,-137.5108,12.15,73,100,8.05,light snow
318,Cartagena,CO,10.3997,-75.5144,76.62,83,0,3.44,clear sky
319,Haapiti,PF,-17.5667,-149.8667,82.13,74,7,10.4,light rain
320,Soyo,AO,-6.1349,12.3689,78.87,81,66,6.62,broken clouds
321,Wakkanai,JP,45.4094,141.6739,17.58,67,75,3.44,broken clouds
322,Beloha,MG,-25.1667,45.05,84.11,54,14,7.83,few clouds
323,Tamandare,BR,-8.7597,-35.1047,77.63,85,51,8.46,broken clouds
324,Esmeraldas,BR,-19.7625,-44.3139,67.06,94,69,2.48,broken clouds
325,Quang Ngai,VN,15.1167,108.8,82.06,71,46,9.06,scattered clouds
326,Terme,TR,41.2092,36.9739,35.53,88,39,7.72,scattered clouds
327,Sawtell,AU,-30.3833,153.1,78.82,61,16,10.36,few clouds
328,Kargasok,RU,59.0556,80.8572,4.62,89,41,6.55,scattered clouds
329,Merke,KZ,42.8728,73.1786,21.0,88,85,4.47,overcast clouds
330,Mahibadhoo,MV,3.7833,72.9667,80.83,67,74,11.52,broken clouds
331,Auki,SB,-8.7676,160.7034,83.79,70,100,2.77,overcast clouds
332,Port Macquarie,AU,-31.4333,152.9167,79.9,63,17,12.24,few clouds
333,Manbij,SY,36.5281,37.9549,35.6,62,21,9.37,few clouds
334,Brooks,CA,50.5834,-111.8851,35.58,76,62,4.61,broken clouds
335,Gornyak,RU,50.9942,81.4661,4.59,92,100,5.82,overcast clouds
336,Waspan,NI,14.7419,-83.9717,68.97,98,15,2.3,few clouds
337,Abu Dhabi,AE,24.4667,54.3667,66.31,59,20,20.71,few clouds
338,Mount Gambier,AU,-37.8333,140.7667,85.62,33,0,7.56,clear sky
339,Frederico Westphalen,BR,-27.3592,-53.3944,66.65,70,96,2.55,overcast clouds
340,Bandar,ID,2.05,99.75,82.58,84,88,1.16,overcast clouds
341,Podor,MR,16.6527,-14.9587,71.55,64,0,4.61,clear sky
342,Talavera De La Reina,ES,39.9635,-4.8308,36.21,79,3,9.89,clear sky
343,Port Hardy,CA,50.6996,-127.4199,41.18,100,100,6.91,light rain
344,Lumphat,KH,13.4878,106.9816,98.46,24,8,3.91,clear sky
345,Mugur-Aksy,RU,50.35,90.5,12.72,90,100,4.43,light snow
346,Deputatskiy,RU,69.3,139.9,-41.75,98,84,3.8,broken clouds
347,Hualmay,PE,-11.0964,-77.6139,71.49,88,99,6.42,overcast clouds
348,Springbok,ZA,-29.6643,17.8865,73.36,37,0,6.15,clear sky
349,Saint Anthony,US,45.0205,-93.218,21.15,53,0,14.97,clear sky
350,Tomatlan,MX,19.9333,-105.25,63.95,67,17,3.2,few clouds
351,Russell,US,32.3502,-85.1999,57.4,94,75,5.75,moderate rain
352,Ubinskoye,RU,55.3068,79.6802,0.16,92,74,5.35,broken clouds
353,Coahuayana,MX,18.7333,-103.6833,68.34,85,1,3.89,clear sky
354,Tiarei,PF,-17.5333,-149.3333,82.42,76,16,11.9,few clouds
355,Portland,US,45.5234,-122.6762,52.11,73,100,13.8,moderate rain
356,Lompoc,US,34.6391,-120.4579,55.58,87,0,6.91,clear sky
357,Labuhan,ID,-6.8844,112.2051,82.89,79,73,15.88,broken clouds
358,Shache,CN,38.4167,77.2406,39.81,35,100,1.3,overcast clouds
359,Emporia,US,38.4039,-96.1817,35.8,75,100,12.66,overcast clouds
360,Minab,IR,27.1467,57.0801,70.12,49,0,0.0,clear sky
361,Alofi,NU,-19.0595,-169.9187,82.29,78,75,8.05,broken clouds
362,La Ronge,CA,55.1001,-105.2842,21.45,73,75,4.61,broken clouds
363,Azoyu,MX,16.7167,-98.7333,71.24,66,0,4.05,clear sky
364,Asyut,EG,27.181,31.1837,48.38,29,80,2.59,broken clouds
365,San Vicente De Canete,PE,-13.0751,-76.3835,72.72,87,100,2.04,overcast clouds
366,Smoky Lake,CA,54.1169,-112.4686,21.92,79,58,4.61,broken clouds
367,Imbituba,BR,-28.24,-48.6703,69.49,90,96,8.79,overcast clouds
368,Skegness,GB,53.1436,0.3363,35.56,84,97,11.65,overcast clouds
369,Urengoy,RU,65.9667,78.3667,7.3,93,100,16.87,overcast clouds
370,Baoqing,CN,46.3317,132.2111,16.93,90,100,5.37,light snow
371,Hirara,JP,24.8,125.2833,70.07,88,75,19.57,broken clouds
372,Pangnirtung,CA,66.1451,-65.7125,-36.81,88,33,3.13,scattered clouds
373,Kashi,CN,39.4547,75.9797,34.81,64,100,2.24,smoke
374,Changji,CN,44.0167,87.3167,27.39,74,75,2.24,broken clouds
375,Nyurba,RU,63.2842,118.3319,-25.82,93,100,5.84,overcast clouds
376,Coihaique,CL,-45.5752,-72.0662,53.55,87,40,6.91,light rain
377,Kungurtug,RU,50.5994,97.5228,15.13,82,88,1.1,overcast clouds
378,Faya,SA,18.3851,42.4509,57.72,49,21,3.78,few clouds
379,Huarmey,PE,-10.0681,-78.1522,70.88,87,96,3.49,overcast clouds
380,Emerald,AU,-23.5333,148.1667,92.34,31,0,12.28,clear sky
381,Esperantinopolis,BR,-4.8667,-44.7083,71.71,98,9,2.73,clear sky
382,Puerto Escondido,MX,15.85,-97.0667,75.81,62,1,5.68,clear sky
383,Roma,US,43.2128,-75.4557,52.72,93,100,0.0,mist
384,Talnakh,RU,69.4865,88.3972,-2.97,98,100,15.48,light snow
385,Patitirion,GR,39.15,23.8667,38.37,68,100,23.78,overcast clouds
386,Santa Cruz,BO,-17.8,-63.1667,76.46,94,40,5.75,scattered clouds
387,Kamiiso,JP,41.8167,140.65,30.58,59,75,6.91,broken clouds
388,Ojinaga,MX,29.5667,-104.4167,45.55,57,0,21.85,clear sky
389,Fare,PF,-16.7,-151.0167,81.55,73,10,12.73,clear sky
390,Piney Green,US,34.716,-77.3202,64.35,90,0,4.61,clear sky
391,Cesky Brod,CZ,50.0742,14.8608,26.15,73,43,5.66,scattered clouds
392,Reichenau,PL,50.9075,14.9563,31.5,73,41,5.01,scattered clouds
393,Barcelos,PT,41.5388,-8.6151,48.85,64,34,7.18,scattered clouds
394,Ivanovka,KG,42.8878,75.085,21.33,77,92,1.9,overcast clouds
395,Jacareacanga,BR,-6.2222,-57.7528,71.78,99,31,0.87,scattered clouds
396,Flinders,AU,-34.5833,150.8552,82.38,60,13,7.34,few clouds
397,Lavrentiya,RU,65.5833,-171.0,-20.34,94,83,5.66,broken clouds
398,Chokurdakh,RU,70.6333,147.9167,-27.27,98,100,6.35,overcast clouds
399,Xuddur,SO,4.1213,43.8894,79.27,34,3,23.94,clear sky
400,Lookan,PH,5.037,120.1027,82.2,71,94,2.26,overcast clouds
401,Ponta Delgada,PT,37.7333,-25.6667,56.12,76,75,12.66,broken clouds
402,Nichinan,JP,31.6,131.3667,60.48,75,72,9.75,broken clouds
403,Isla Vista,US,34.4133,-119.861,65.44,56,0,5.75,clear sky
404,Lensk,RU,60.7253,114.9278,1.44,92,100,1.99,overcast clouds
405,Malinovoye Ozero,RU,51.6753,79.7825,1.62,90,88,4.56,overcast clouds
406,Mecca,SA,21.4267,39.8261,73.53,36,1,2.62,clear sky
407,Orcopampa,PE,-15.2661,-72.3417,44.94,94,100,1.41,moderate rain
408,Alta Floresta,BR,-9.8756,-56.0861,69.69,98,100,1.16,overcast clouds
409,Acarau,BR,-2.8856,-40.12,78.73,83,77,10.76,broken clouds
410,Lake Havasu City,US,34.4839,-114.3224,57.09,19,0,9.22,clear sky
411,Ayan,RU,56.45,138.1667,-6.41,78,6,4.54,clear sky
412,Ust-Nera,RU,64.5667,143.2,-40.9,98,47,2.57,scattered clouds
413,Svetlogorsk,BY,52.6333,29.7333,20.82,86,33,11.52,scattered clouds
414,Jalu,LY,29.0331,21.5482,54.9,59,42,1.52,scattered clouds
415,Fortuna,US,40.5982,-124.1573,48.65,90,100,8.05,overcast clouds
416,Hastings,GB,50.8552,0.5729,38.25,55,71,3.71,broken clouds
417,Inhambane,MZ,-23.865,35.3833,80.55,83,80,12.21,moderate rain
418,Krasnokamensk,RU,50.0979,118.0369,4.37,90,98,2.42,overcast clouds
419,Tabou,CI,4.423,-7.3528,78.42,85,8,3.62,clear sky
420,Verkhniy Mamon,RU,50.1635,40.3832,18.32,96,100,4.83,overcast clouds
421,Barmer,IN,25.75,71.3833,82.17,29,0,19.53,clear sky
422,Lapua,FI,62.9693,23.0088,31.33,83,100,11.39,light snow
423,Kloulklubed,PW,7.0419,134.2556,84.7,76,83,13.33,broken clouds
424,Nalut,LY,30.3333,10.85,42.28,75,66,5.5,broken clouds
425,Rio Grande,BR,-32.035,-52.0986,73.0,87,0,7.14,light rain
426,Plouzane,FR,48.3833,-4.6167,44.92,100,100,2.3,mist
427,Isangel,VU,-19.55,169.2667,78.48,91,100,13.85,overcast clouds
428,Shitanjing,CN,39.2342,106.3439,38.8,44,7,6.87,clear sky
429,Sur,OM,22.5667,59.5289,74.21,56,4,5.53,clear sky
430,Cabo San Lucas,MX,22.8909,-109.9124,67.51,69,9,3.33,clear sky
431,Taber,CA,49.8167,-112.1518,41.2,58,40,14.97,scattered clouds
432,General Pico,AR,-35.6566,-63.7568,73.38,36,0,8.66,clear sky
433,Koupela,BF,12.1794,-0.3517,73.17,13,1,9.8,clear sky
434,Ozu,JP,33.5,132.55,46.18,94,97,10.4,overcast clouds
435,Ust-Karsk,RU,52.7011,118.8077,13.19,82,100,1.57,overcast clouds
436,Yarada,IN,17.65,83.2667,84.52,54,68,2.3,haze
437,Smirnykh,RU,49.75,142.8333,3.07,76,7,1.05,clear sky
438,Glasgow,GB,55.8652,-4.2576,43.21,88,100,17.27,overcast clouds
439,Masyaf,SY,35.0653,36.3406,36.52,66,96,9.57,overcast clouds
440,Gizo,SB,-8.103,156.8419,84.74,71,100,11.72,overcast clouds
441,Sabang,ID,5.8933,95.3214,80.78,79,24,15.55,few clouds
442,Sarangani,PH,5.4033,125.4636,81.81,74,100,17.02,light rain
443,Hammerfest,NO,70.6634,23.6821,27.05,93,75,19.57,light snow
444,Lewiston,US,44.1003,-70.2148,40.41,96,100,1.01,moderate rain
445,Saucillo,MX,28.0167,-105.2833,50.58,29,6,15.55,clear sky
446,Lorengau,PG,-2.0226,147.2712,80.55,83,99,14.23,moderate rain
447,Port Hedland,AU,-20.3167,118.5667,98.65,53,11,23.02,few clouds
448,Borogontsy,RU,62.6683,131.1683,-25.69,92,67,5.21,broken clouds
449,Zhigansk,RU,66.7697,123.3711,-34.33,96,99,6.89,overcast clouds
450,Wanning,CN,18.8003,110.3967,80.06,69,51,9.69,broken clouds
451,Vostok,RU,46.4856,135.8833,15.62,74,100,1.05,overcast clouds
452,Houma,US,29.5958,-90.7195,62.01,74,100,4.61,overcast clouds
453,Touros,BR,-5.1989,-35.4608,78.73,81,65,11.14,broken clouds
454,Dasoguz,TM,41.8363,59.9666,15.75,86,0,6.91,clear sky
455,Oranjemund,NA,-28.55,16.4333,64.76,91,14,5.5,few clouds
456,Nuevitas,CU,21.5453,-77.2644,75.18,82,27,13.06,scattered clouds
457,Kulhudhuffushi,MV,6.6221,73.07,79.65,73,93,7.49,overcast clouds
458,Hearst,CA,49.6835,-83.6665,14.25,95,100,9.31,light snow
459,Mossendjo,CG,-2.9506,12.7261,70.3,99,87,1.74,overcast clouds
460,Basco,PH,20.4487,121.9702,76.32,76,30,14.58,scattered clouds
461,Vilhena,BR,-12.7406,-60.1458,68.58,98,100,2.3,heavy intensity rain
462,Bulungu,CD,-4.55,18.6,72.5,82,75,2.24,broken clouds
463,Sorland,NO,67.667,12.6934,30.06,58,100,32.06,light snow
464,Adre,TD,13.4667,22.2,65.26,14,43,13.98,scattered clouds
465,Zheshart,RU,62.0731,49.5733,25.63,89,80,11.48,broken clouds
466,Bambous Virieux,MU,-20.3428,57.7575,84.45,65,75,10.36,light rain
467,Coquimbo,CL,-29.9533,-71.3436,64.13,94,100,4.61,overcast clouds
468,Witu,KE,-2.3889,40.4382,80.76,64,24,6.82,few clouds
469,Bambanglipuro,ID,-7.95,110.2833,85.33,65,66,9.26,broken clouds
470,Diofior,SN,14.1833,-16.6667,65.62,81,39,16.6,scattered clouds
471,North Bend,US,43.4065,-124.2243,49.06,98,100,11.5,overcast clouds
472,Khovu-Aksy,RU,51.1333,93.6,10.98,81,74,1.74,broken clouds
473,Lukang,TW,24.0567,120.4352,83.44,78,37,13.15,scattered clouds
474,Abu Zabad,SD,12.35,29.25,69.85,17,14,13.6,few clouds
475,Kosino,RU,58.4127,51.2782,25.05,92,100,10.65,overcast clouds
476,Volsk,RU,52.0333,47.3833,12.02,98,96,3.56,overcast clouds
477,Polson,US,47.6936,-114.1632,21.49,93,68,1.05,broken clouds
478,Avera,US,33.194,-82.5271,63.55,96,100,5.01,overcast clouds
479,Taoudenni,ML,22.6783,-3.9836,65.68,18,100,15.26,overcast clouds
480,Churapcha,RU,62.0025,132.4325,-24.16,91,63,5.1,broken clouds
481,Cayenne,GF,4.9333,-52.3333,77.04,88,75,8.05,broken clouds
482,Dubti,ET,11.7361,41.0853,79.47,57,8,0.72,clear sky
483,Joutseno,FI,61.118,28.5076,32.05,95,100,21.05,light snow
484,Tura,IN,25.5198,90.2201,76.37,29,0,5.77,clear sky
485,Lahaina,US,20.8783,-156.6825,74.8,81,100,22.62,overcast clouds
486,Puerto Del Rosario,ES,28.5004,-13.8627,60.55,77,75,10.36,broken clouds
487,Hovd,MN,48.0056,91.6419,11.3,68,100,4.12,overcast clouds
488,Merauke,ID,-8.4667,140.3333,83.08,78,89,20.49,overcast clouds
489,Dunedin,NZ,-45.8742,170.5036,57.85,77,70,9.78,broken clouds
490,Nevelsk,RU,46.6733,141.8633,19.87,91,97,4.99,light snow
491,Almeria,ES,37.1667,-2.3333,42.96,81,91,4.59,overcast clouds
492,Timbiqui,CO,2.7717,-77.6654,73.81,95,96,3.89,overcast clouds
493,Xining,CN,36.6167,101.7667,39.97,14,13,4.23,few clouds
494,Ibra,OM,22.6906,58.5334,75.4,34,13,1.92,few clouds
495,Hellin,ES,38.5106,-1.701,38.34,81,40,1.32,scattered clouds
496,San Quintin,MX,30.4833,-115.95,59.9,40,0,2.71,clear sky
497,La Palma,US,33.8464,-118.0467,69.98,23,0,9.22,clear sky
498,Ulladulla,AU,-35.35,150.4667,75.87,68,29,7.94,light rain
499,Lamu,KE,-2.2717,40.902,80.82,74,28,10.94,scattered clouds
500,Kutum,SD,14.2,24.6667,60.13,17,88,7.2,overcast clouds
501,Santa Catalina,PH,9.3337,122.8637,85.98,66,86,4.97,overcast clouds
502,Boyolangu,ID,-8.1181,111.8935,86.63,65,57,3.22,broken clouds
503,Aykino,RU,62.2248,49.9922,25.23,89,93,11.27,overcast clouds
504,Phonhong,LA,18.5007,102.4166,92.25,34,20,2.04,few clouds
505,Agdas,AZ,40.65,47.4761,33.46,83,98,1.59,overcast clouds
506,Bastrop,US,32.7562,-91.8724,47.88,100,0,0.0,clear sky
507,Rong Kwang,TH,18.339,100.3174,89.08,26,71,6.26,broken clouds
508,Yishui,CN,35.7847,118.6281,49.59,45,26,2.26,scattered clouds
509,Gat,IL,31.61,34.7642,52.39,100,50,2.01,scattered clouds
510,Shumskiy,RU,54.8318,99.1328,13.23,82,100,2.68,overcast clouds
511,Volnovakha,UA,47.601,37.4967,20.41,75,100,1.79,overcast clouds
512,Linxia,CN,35.6003,103.2064,41.63,40,33,1.74,scattered clouds
513,Baijiantan,CN,45.6333,85.1833,33.91,54,90,30.24,overcast clouds
514,Havoysund,NO,70.9963,24.6622,32.23,60,100,32.44,light snow
515,Seymchan,RU,62.8833,152.4333,-35.14,97,89,1.63,overcast clouds
516,Pemangkat,ID,1.1667,108.9667,83.08,69,73,7.2,broken clouds
517,Kita,ML,13.0349,-9.4895,76.62,29,6,2.71,clear sky
518,Port-Gentil,GA,-0.7193,8.7815,80.56,89,75,4.61,broken clouds
519,Les Cayes,HT,18.2,-73.75,72.21,77,0,3.38,clear sky
520,Dalvik,IS,65.9702,-18.5286,22.93,68,100,9.75,overcast clouds
521,Jampur,PK,29.6441,70.5954,72.16,29,0,11.7,clear sky
522,Raudeberg,NO,61.9875,5.1352,31.96,46,100,17.05,overcast clouds
523,Kudahuvadhoo,MV,2.6708,72.8944,81.01,69,71,14.09,broken clouds
524,Muros,ES,42.7762,-9.0603,40.15,85,0,8.41,clear sky
525,Margate,GB,51.3813,1.3862,38.7,81,92,7.81,overcast clouds
526,Butembo,CD,0.15,29.2833,71.87,39,26,1.16,scattered clouds
527,Maneadero,MX,31.7167,-116.5667,56.1,43,0,1.99,clear sky
528,Falam,MM,22.9167,93.6833,74.37,15,1,1.41,clear sky
529,Branistea,RO,44.6833,25.5833,25.92,84,5,6.29,clear sky
530,Biltine,TD,14.5333,20.9167,68.99,13,33,13.31,scattered clouds
531,Olafsvik,IS,64.8945,-23.7142,31.05,97,100,22.7,snow
532,Meulaboh,ID,4.1363,96.1285,80.11,88,76,14.03,light rain
533,Orlik,RU,52.5178,99.825,7.32,79,70,0.16,broken clouds
534,Tateyama,JP,34.9833,139.8667,39.13,100,75,10.36,moderate rain
535,Ekhabi,RU,53.5102,142.9671,-11.6,89,8,10.13,clear sky
536,Damietta,EG,31.4165,31.8133,49.89,63,26,7.38,scattered clouds
537,Sola,VU,-13.8833,167.55,82.63,69,73,13.89,broken clouds
538,Bandundu,CD,-3.3167,17.3667,76.03,78,73,2.89,broken clouds
539,Bam,IR,29.106,58.357,52.57,25,22,10.92,few clouds
540,Walvis Bay,NA,-22.9575,14.5053,65.35,88,100,4.61,overcast clouds
541,Xinmin,CN,41.9908,122.8253,38.17,51,7,6.44,clear sky
542,Lao Cai,VN,22.4833,103.95,88.16,34,87,4.38,overcast clouds
543,Kuusamo,FI,65.9667,29.1833,30.24,93,100,10.36,overcast clouds
544,Kangaatsiaq,GL,68.3065,-53.4641,-13.43,89,100,10.51,overcast clouds
545,Requena,ES,39.4883,-1.1004,35.53,74,83,3.29,broken clouds
546,Karratha,AU,-20.7377,116.8463,95.14,50,0,18.12,clear sky
547,Morro Bay,US,35.3658,-120.8499,56.14,58,0,4.79,clear sky
548,Chuzhou,CN,32.3219,118.2978,49.41,63,92,5.68,overcast clouds
549,Ostrovnoy,RU,68.0531,39.5131,30.29,87,98,23.0,overcast clouds
550,Kapit,MY,2.0167,112.9333,88.5,62,98,4.03,overcast clouds
551,Nuqui,CO,5.7125,-77.2708,76.53,90,70,2.86,light rain
552,Kameda,JP,37.8667,139.1167,33.93,93,75,2.3,light snow
553,Gari,RU,59.4307,62.3497,17.4,91,91,3.42,overcast clouds
554,Abha,SA,18.2164,42.5053,57.45,38,0,0.0,clear sky
555,Cockburn Town,TC,21.4612,-71.1419,77.56,76,0,26.13,clear sky
556,Jumla,NP,29.2747,82.1838,55.92,21,3,6.53,clear sky
557,Los Llanos De Aridane,ES,28.6585,-17.9182,56.12,79,40,6.91,scattered clouds
558,Madinat Sittah Uktubar,EG,29.8167,31.05,46.0,74,0,10.51,clear sky
559,Shimoda,JP,34.6667,138.95,43.16,94,100,15.12,light rain
560,Sibolga,ID,1.7427,98.7792,78.91,86,91,1.59,overcast clouds
561,Tecoanapa,MX,16.5167,-98.75,74.17,77,0,4.47,clear sky
562,Lashma,RU,54.9321,41.1438,19.67,95,100,9.46,overcast clouds
563,Ugoofaaru,MV,5.6667,73.0,80.04,72,64,10.2,broken clouds
564,Micheweni,TZ,-4.9667,39.8333,81.64,76,100,10.98,overcast clouds
565,Shelburne,CA,44.0787,-80.2041,37.85,98,100,23.06,light snow
566,Andilamena,MG,-17.0167,48.5833,70.9,78,96,7.65,overcast clouds
567,Tsabong,BW,-26.0217,22.401,75.47,41,0,11.03,clear sky
568,Saint-Francois,FR,46.4154,3.9054,18.84,93,7,3.44,mist
569,Vanimo,PG,-2.6741,141.3028,84.67,69,91,11.45,overcast clouds
570,Kerouane,GN,9.2667,-9.0167,73.45,74,20,4.12,few clouds
571,Yermakovskoye,RU,53.2831,92.4003,10.69,90,97,1.74,overcast clouds
572,Palu,ID,-0.8917,119.8707,88.14,57,98,5.23,overcast clouds
573,Muisne,EC,0.6,-80.0333,75.54,90,81,4.41,light rain
574,Sala,MA,34.0389,-6.8166,53.74,71,40,5.75,scattered clouds
575,Korla,CN,41.7597,86.1469,36.45,43,100,4.07,overcast clouds
576,Dali,CN,25.7,100.1833,61.32,27,1,8.55,clear sky
577,Tukrah,LY,32.5341,20.5791,51.93,76,11,28.16,few clouds
578,Kyotera,UG,-0.6156,31.5175,67.71,73,89,2.93,overcast clouds
579,Oistins,BB,13.0667,-59.5333,77.09,73,20,20.71,few clouds
580,Barabinsk,RU,55.3571,78.357,-0.35,92,62,7.43,broken clouds
581,Sabha,LY,27.0377,14.4283,44.87,76,68,6.53,broken clouds
582,Oil City,US,41.4339,-79.7064,46.42,83,83,16.28,broken clouds
583,Ellensburg,US,46.9965,-120.5479,32.09,81,0,4.61,clear sky
584,Awbari,LY,26.5921,12.7805,44.6,74,74,5.12,broken clouds
585,Birao,CF,10.2849,22.7882,67.3,14,47,7.9,scattered clouds
586,Abnub,EG,27.2696,31.1511,48.42,29,74,2.46,broken clouds
587,Puerto Leguizamo,CO,-0.1934,-74.7819,71.67,90,85,1.25,overcast clouds
588,Rundu,NA,-17.9333,19.7667,68.47,84,45,2.15,scattered clouds
589,Broken Hill,AU,-31.95,141.4333,101.12,9,0,22.35,clear sky
590,Juba,SS,4.8517,31.5825,84.0,22,30,0.43,scattered clouds
591,Dzhebariki-Khaya,RU,62.2167,135.8,-28.79,94,56,1.66,broken clouds
592,Palasa,IN,18.7667,84.4167,86.58,38,52,8.05,broken clouds
593,Dundalk,US,39.2507,-76.5205,66.02,79,0,9.22,clear sky
594,Wawa,NG,9.9022,4.4192,73.76,25,12,2.42,few clouds
595,Nynashamn,SE,58.9034,17.9479,34.16,55,35,25.1,scattered clouds
596,Kichmengskiy Gorodok,RU,59.9816,45.7854,27.28,90,100,12.03,overcast clouds
597,Lata,PT,40.1629,-8.3327,44.08,77,0,6.49,clear sky
598,Golynki,RU,54.8696,31.3861,20.91,88,76,14.65,broken clouds
599,Novyy Urengoy,RU,66.0833,76.6333,11.25,88,100,18.25,overcast clouds
600,Chamba,IN,32.5667,76.1333,61.83,58,43,1.52,scattered clouds
601,Bhuj,IN,23.2667,69.6667,83.84,34,0,12.8,clear sky
602,Nadvoitsy,RU,63.8667,34.3167,27.82,90,100,13.4,overcast clouds
603,Zeya,RU,53.75,127.2667,2.82,82,100,2.28,overcast clouds
604,Cedar City,US,37.6775,-113.0619,22.17,80,0,0.0,clear sky
605,Constitucion,CL,-35.3333,-72.4167,62.15,68,0,9.91,clear sky
606,Honningsvag,NO,70.9821,25.9704,31.75,51,40,19.57,light shower snow
607,Bougouni,ML,11.417,-7.479,76.1,51,1,3.36,clear sky
608,Vryburg,ZA,-26.9566,24.7284,69.66,54,99,7.23,overcast clouds
609,Yokadouma,CM,3.5167,15.05,65.23,41,80,2.68,broken clouds
610,Leh,IN,34.1667,77.5833,23.86,66,89,17.56,overcast clouds
611,Ouango,CF,4.3133,22.5552,72.0,30,84,3.74,broken clouds
612,Molokovo,RU,58.1661,36.7628,17.33,88,56,13.8,broken clouds
613,Luwuk,ID,-0.9516,122.7875,88.68,60,100,0.96,overcast clouds
614,Mantua,IT,45.1667,10.7833,25.84,66,0,4.97,clear sky
615,Muroto,JP,33.2833,134.15,56.77,93,100,17.63,overcast clouds
616,Balykshi,KZ,47.0667,51.8667,-2.2,84,75,2.24,mist
617,Ingham,US,42.6,-84.3833,35.85,90,100,17.27,overcast clouds
618,Moron,AR,-34.6534,-58.6198,80.96,71,0,4.45,clear sky
619,Plettenberg Bay,ZA,-34.0527,23.3716,71.2,76,1,5.82,clear sky
620,Tucuman,AR,-26.8241,-65.2226,71.6,94,40,3.44,scattered clouds
621,Bom Despacho,BR,-19.7364,-45.2522,65.46,94,42,1.54,scattered clouds
622,Panorama,GR,40.5878,23.0315,32.9,64,80,10.0,broken clouds
623,Tuy Hoa,VN,13.0833,109.3,80.08,75,27,7.31,scattered clouds
624,Fortuna Foothills,US,32.6578,-114.4119,60.85,18,0,13.8,clear sky
625,Codrington,AU,-38.2667,141.9667,72.93,56,42,19.69,scattered clouds
626,Isla Mujeres,MX,21.2311,-86.731,77.16,81,0,10.13,light rain
627,Svetlaya,RU,46.5389,138.3297,16.93,49,100,0.89,overcast clouds
628,Nemuro,JP,43.3236,145.575,18.3,65,80,4.97,broken clouds
629,Itarantim,BR,-15.6597,-40.0656,71.33,84,50,1.21,scattered clouds
630,Soloneshnoye,RU,51.6544,84.3197,14.59,92,100,4.03,light snow
631,Marsabit,KE,2.3284,37.9899,71.02,50,2,15.79,clear sky
632,Itarema,BR,-2.9248,-39.9167,77.67,85,79,10.18,broken clouds
633,Keti Bandar,PK,24.1447,67.4497,76.96,61,0,15.43,clear sky
634,Safaga,EG,26.7292,33.9365,61.29,39,86,11.86,overcast clouds
635,Sitka,US,57.0531,-135.33,36.79,93,100,6.33,light rain
636,Gwanda,ZW,-20.9333,29.0,69.24,78,94,3.65,overcast clouds
637,Dartford,GB,51.4435,0.2196,38.43,90,75,5.75,broken clouds
638,Kieta,PG,-6.2167,155.6333,84.31,69,80,5.37,broken clouds
639,Buala,SB,-8.145,159.5921,84.47,63,100,1.74,overcast clouds
640,Timisesti,RO,47.2333,26.55,5.95,86,10,3.65,clear sky
641,Tutoia,BR,-2.7619,-42.2744,76.8,88,25,6.44,scattered clouds
642,Madimba,TZ,-10.4,40.3333,79.92,94,75,11.5,light rain
643,Tagusao,PH,9.1924,117.8141,82.54,74,31,11.34,scattered clouds
644,Ivrea,IT,45.4672,7.8762,36.05,56,3,4.03,clear sky
645,Bongandanga,CD,1.5,21.05,73.76,34,91,0.49,overcast clouds
646,Osorno,CL,-40.5667,-73.15,62.91,94,100,2.3,overcast clouds
647,Douala,CM,4.0483,9.7043,78.71,94,75,2.3,mist
648,Berberati,CF,4.2612,15.7922,69.51,94,0,0.0,clear sky
649,Sedona,US,34.8697,-111.761,37.15,33,0,9.22,clear sky
650,Sangar,RU,63.9242,127.4739,-28.17,91,63,4.41,broken clouds
651,Licata,IT,37.1071,13.9461,42.24,85,99,43.93,light rain
652,Ilinskiy,RU,55.619,38.1182,26.98,80,100,8.95,overcast clouds
653,Krasnyy Chikoy,RU,50.3643,108.7512,18.18,83,100,2.82,overcast clouds
654,Brigham City,US,41.5102,-112.0155,23.56,74,0,15.99,clear sky
655,Aklavik,CA,68.2191,-135.0107,-19.53,98,100,5.37,overcast clouds
656,Sylva,RU,58.0348,56.7635,27.77,91,100,7.94,overcast clouds
657,Nizhniy Odes,RU,63.6445,54.856,27.21,92,100,10.33,overcast clouds
658,Petropavlovsk-Kamchatskiy,RU,53.0452,158.6483,10.99,57,40,2.24,scattered clouds
659,Acari,PE,-15.4311,-74.6158,75.54,85,79,2.89,broken clouds
660,Quesnel,CA,52.9999,-122.5029,39.7,70,0,12.66,clear sky
661,Koungou,YT,-12.7336,45.2042,82.11,78,0,9.22,light rain
662,Key Largo,US,25.0865,-80.4473,75.97,82,19,17.52,few clouds
663,Owo,NG,7.1962,5.5868,71.62,97,52,3.02,broken clouds
664,Yichang,CN,30.7144,111.2847,44.37,78,100,1.83,overcast clouds
665,Nicoya,CR,10.1483,-85.452,74.14,78,22,9.95,few clouds
666,Jagtial,IN,18.8,78.9333,88.23,15,34,3.89,scattered clouds
667,Mae Sai,TH,20.4335,99.8762,89.53,13,15,3.8,few clouds
668,Dukat,RU,62.55,155.55,-26.9,95,80,5.66,broken clouds
669,Barahona,DO,18.2085,-71.1008,72.37,78,0,4.09,clear sky
670,Sambava,MG,-14.2667,50.1667,80.58,73,95,8.86,overcast clouds
671,Binzhou,CN,37.3667,118.0167,49.24,44,6,4.63,clear sky
672,Sao Desiderio,BR,-12.3633,-44.9733,67.96,71,21,3.0,few clouds
673,Yarmouth,US,41.7057,-70.2286,55.87,92,100,11.99,overcast clouds
674,Bantilan,PH,14.7519,121.6656,80.91,73,42,12.59,scattered clouds
675,Cody,US,44.5263,-109.0565,24.58,59,0,0.0,clear sky
676,Caravelas,BR,-17.7125,-39.2481,72.7,95,56,3.53,broken clouds
677,Nguruka,TZ,-5.1092,31.0419,69.44,83,95,1.86,overcast clouds
678,Brodowski,BR,-20.9845,-47.6572,66.2,94,1,2.82,clear sky
679,Marawi,PH,7.9986,124.2928,76.98,77,35,7.7,scattered clouds
680,Mpophomeni,ZA,-29.5682,30.1862,61.14,99,100,1.07,light rain
681,Ilabaya,PE,-17.4208,-70.5133,67.55,79,79,1.97,broken clouds
682,Komsomolskiy,UZ,40.4272,71.7189,29.12,93,100,4.61,mist
683,Anadyr,RU,64.75,177.4833,-26.9,67,75,8.95,light snow
684,Marco,US,25.9726,-81.729,71.62,95,0,5.75,clear sky
685,Paita,PE,-5.0892,-81.1144,75.38,80,90,6.46,overcast clouds
686,Qeshm,IR,26.9581,56.2719,69.67,50,27,3.51,scattered clouds
